{
    "loss": 0.07703091949224472,
    "accuracy": 0.9568345546722412
}