{
    "loss": 0.1769745796918869,
    "accuracy": 0.9064748287200928
}